#{"t_start": 1776895364.736078, "env_id": "CarRacing-v3"}
r,l,t
-102.56489,779,14.409182
341.281139,1000,28.527731
181.417028,902,41.99472
68.3,818,54.028668
32.995765,430,60.578899
7.568421,399,66.483025
328.389888,998,81.01496
0.1,400,86.964359
0.47931,410,93.142835
221.311475,1000,108.347213
