#{"t_start": 1777104800.5192351, "env_id": "CarRacing-v3"}
r,l,t
830.909091,1000,28.679519
815.03268,1000,56.850429
646.376812,1000,73.540294
