#{"t_start": 1776627545.9605865, "env_id": "CarRacing-v3"}
r,l,t
178.996865,1000,21.284298
465.836299,1000,35.846843
277.708978,1000,52.579736
176.666667,1000,68.052521
437.459283,1000,83.579698
394.736842,1000,112.624184
465.543071,1000,125.15414
560.0,1000,138.152805
279.310345,1000,151.125697
355.737705,1000,164.758443
