#{"t_start": 1776627719.420355, "env_id": "CarRacing-v3"}
r,l,t
178.996865,1000,27.584773
277.708978,1000,42.943633
437.459283,1000,56.664195
