#{"t_start": 1776904111.6817691, "env_id": "CarRacing-v3"}
r,l,t
141.910031,654,21.178463
219.613003,551,37.39598
357.201954,771,48.746933
