#{"t_start": 1776903989.822289, "env_id": "CarRacing-v3"}
r,l,t
141.910031,654,13.227934
394.661922,1000,27.543662
219.613003,551,35.750818
263.333333,1000,50.087478
357.201954,771,61.656651
612.280702,1000,76.160076
356.928839,1000,90.229669
511.366667,754,101.722044
227.006897,593,110.516749
274.159016,784,121.794682
