#{"t_start": 1777129292.0966718, "env_id": "CarRacing-v3"}
r,l,t
401.492537,1000,31.427724
883.108108,1000,58.80755
893.630573,1000,75.515787
