#{"t_start": 1776943810.136215, "env_id": "CarRacing-v3"}
r,l,t
859.247649,1000,38.340451
862.848297,1000,56.204441
886.970684,1000,71.679952
