#{"t_start": 1776943643.1544228, "env_id": "CarRacing-v3"}
r,l,t
859.247649,1000,16.930348
515.658363,1000,32.408618
862.848297,1000,47.885861
925.3,747,59.082905
886.970684,1000,78.069771
763.157895,1000,97.617627
506.741573,1000,114.78587
873.333333,1000,132.71156
882.758621,1000,149.9275
804.918033,1000,166.916366
