#{"t_start": 1776824706.5892682, "env_id": "CarRacing-v3"}
r,l,t
49.809718,854,24.475414
107.44582,651,38.081376
227.89544,924,51.272649
