#{"t_start": 1777033658.2016604, "env_id": "CarRacing-v3"}
r,l,t
261.19403,1000,29.003805
599.324324,1000,56.238926
390.44586,1000,73.202748
