#{"t_start": 1776888989.4728518, "env_id": "CarRacing-v3"}
r,l,t
163.322884,1000,27.301159
274.613003,1000,41.39342
48.767752,370,46.008023
