#{"t_start": 1776824108.2431552, "env_id": "CarRacing-v3"}
r,l,t
49.809718,854,15.984439
697.153025,1000,29.758461
107.44582,651,39.46885
663.333333,1000,53.541644
227.89544,924,66.822572
510.526316,1000,525.360437
312.282022,822,536.698996
596.666667,1000,551.079256
237.931034,1000,565.445595
513.114754,1000,579.886341
