#{"t_start": 1776947254.60014, "env_id": "CarRacing-v3"}
r,l,t
859.247649,1000,29.576459
862.848297,1000,60.6174
886.970684,1000,91.702305
