#{"t_start": 1776947113.980431, "env_id": "CarRacing-v3"}
r,l,t
859.247649,1000,16.633069
515.658363,1000,30.579042
862.848297,1000,44.865523
925.3,747,55.288373
886.970684,1000,69.683492
763.157895,1000,83.942688
506.741573,1000,98.107005
873.333333,1000,112.523873
882.758621,1000,126.267526
804.918033,1000,140.556681
