#{"t_start": 1776895473.1502874, "env_id": "CarRacing-v3"}
r,l,t
-102.56489,779,25.577622
181.417028,902,44.794573
32.995765,430,51.207319
