#{"t_start": 1776888889.3458064, "env_id": "CarRacing-v3"}
r,l,t
163.322884,1000,17.407892
625.978648,1000,28.893293
274.613003,1000,40.94953
236.666667,1000,53.639765
48.767752,370,58.341155
11.194737,468,64.200854
622.846442,1000,77.174111
6.966667,398,82.318472
15.824138,360,86.951092
359.016393,1000,100.067711
