#{"t_start": 1777061338.8501234, "env_id": "CarRacing-v3"}
r,l,t
871.786834,1000,26.971009
277.708978,1000,53.276382
805.537459,1000,68.56946
