#{"t_start": 1776973535.1591604, "env_id": "CarRacing-v3"}
r,l,t
656.363636,1000,29.071826
569.934641,1000,58.662968
537.681159,1000,75.492988
