#{"t_start": 1776801251.2423296, "env_id": "CarRacing-v3"}
r,l,t
-34.169279,1000,14.275818
170.462633,1000,25.335202
-34.98452,1000,37.090125
-30.0,1000,48.654592
34.210423,483,54.379107
43.859649,1000,66.717435
-21.348315,1000,78.344285
33.333333,1000,89.903309
41.37931,1000,101.490823
-34.42623,1000,115.670647
