#{"t_start": 1776801366.9947486, "env_id": "CarRacing-v3"}
r,l,t
-34.169279,1000,33.034883
-34.98452,1000,49.016739
34.210423,483,56.068374
